Value,Count
13687.0,2568.0
20783.0,2130.0
6556.0,1991.0
22157.0,1987.0
19564.0,1927.0
5750.0,1914.0
6158.0,1890.0
23589.0,1882.0
6233.0,1852.0
4312.0,1770.0
4482.0,1744.0
5344.0,1729.0
17180.0,1682.0
5122.0,1676.0
7165.0,1641.0
28187.0,1615.0
8871.0,1605.0
15354.0,1602.0
4824.0,1591.0
1031.0,1590.0
4902.0,1580.0
13088.0,1546.0
5648.0,1535.0
9221.0,1512.0
7489.0,1512.0
6878.0,1503.0
6100.0,1471.0
6848.0,1467.0
17134.0,1459.0
6531.0,1459.0
11193.0,1457.0
4795.0,1451.0
4993.0,1447.0
6991.0,1445.0
3643.0,1443.0
3932.0,1436.0
4901.0,1428.0
10329.0,1426.0
9651.0,1423.0
20089.0,1413.0
4547.0,1409.0
14628.0,1408.0
6723.0,1401.0
4850.0,1397.0
15056.0,1385.0
7847.0,1379.0
5198.0,1375.0
5018.0,1360.0
4260.0,1355.0
5644.0,1353.0
5468.0,1350.0
5625.0,1332.0
10075.0,1328.0
22185.0,1311.0
4699.0,1308.0
12604.0,1299.0
6674.0,1298.0
4653.0,1293.0
4334.0,1275.0
7841.0,1270.0
5592.0,1269.0
6388.0,1263.0
6022.0,1243.0
6197.0,1242.0
7941.0,1236.0
6281.0,1229.0
5684.0,1229.0
6731.0,1228.0
5422.0,1225.0
16849.0,1222.0
6433.0,1221.0
3265.0,1217.0
18628.0,1215.0
3965.0,1206.0
4206.0,1206.0
6414.0,1204.0
6003.0,1200.0
5967.0,1194.0
4813.0,1194.0
4405.0,1189.0
11643.0,1189.0
8805.0,1185.0
5397.0,1183.0
5792.0,1182.0
12420.0,1181.0
6051.0,1167.0
18457.0,1166.0
6772.0,1165.0
4118.0,1158.0
14917.0,1153.0
21382.0,1139.0
6762.0,1138.0
6384.0,1137.0
12359.0,1133.0
6528.0,1132.0
7878.0,1130.0
4233.0,1129.0
3322.0,1128.0
6955.0,1126.0
11748.0,1122.0
4560.0,1115.0
18026.0,1113.0
5279.0,1112.0
14780.0,1109.0
6193.0,1108.0
4353.0,1106.0
5398.0,1105.0
14744.0,1105.0
4444.0,1104.0
4852.0,1104.0
6602.0,1096.0
15010.0,1094.0
5685.0,1094.0
5222.0,1092.0
5396.0,1088.0
6408.0,1087.0
7414.0,1087.0
3825.0,1082.0
9778.0,1082.0
7932.0,1081.0
4249.0,1080.0
8092.0,1079.0
9493.0,1078.0
5206.0,1077.0
10317.0,1077.0
12442.0,1071.0
4369.0,1069.0
7849.0,1064.0
6017.0,1063.0
7857.0,1061.0
3819.0,1060.0
6884.0,1053.0
5532.0,1053.0
5456.0,1046.0
3999.0,1046.0
8787.0,1046.0
14692.0,1045.0
7564.0,1045.0
6457.0,1044.0
4991.0,1043.0
12546.0,1043.0
8317.0,1041.0
6857.0,1037.0
6241.0,1034.0
7367.0,1033.0
5739.0,1032.0
3633.0,1032.0
6162.0,1031.0
6129.0,1029.0
6774.0,1028.0
12896.0,1024.0
4071.0,1023.0
4314.0,1020.0
3426.0,1018.0
6855.0,1016.0
10502.0,1016.0
3652.0,1014.0
5757.0,1011.0
3421.0,1009.0
5582.0,1009.0
6783.0,1008.0
4201.0,1008.0
9490.0,1007.0
5048.0,1003.0
4853.0,999.0
11831.0,998.0
5717.0,998.0
5729.0,997.0
6104.0,996.0
6763.0,996.0
11256.0,993.0
4517.0,992.0
6746.0,992.0
7805.0,988.0
6966.0,988.0
3890.0,988.0
6087.0,986.0
6658.0,986.0
4785.0,984.0
4347.0,983.0
3209.0,980.0
5269.0,979.0
6525.0,977.0
12999.0,976.0
5086.0,976.0
4514.0,972.0
4667.0,971.0
4428.0,969.0
5776.0,968.0
5612.0,968.0
4199.0,967.0
7420.0,967.0
6427.0,966.0
4666.0,965.0
4906.0,963.0
5619.0,962.0
5433.0,961.0
7631.0,961.0
7800.0,961.0
5711.0,960.0
8923.0,957.0
6845.0,957.0
4330.0,954.0
5476.0,954.0
4387.0,952.0
5568.0,948.0
13814.0,948.0
4158.0,946.0
5060.0,945.0
5108.0,944.0
10742.0,941.0
5485.0,940.0
8825.0,939.0
3425.0,938.0
11405.0,938.0
5356.0,938.0
8184.0,936.0
7363.0,935.0
7577.0,935.0
6771.0,934.0
9189.0,933.0
7082.0,932.0
3456.0,932.0
4740.0,931.0
7243.0,929.0
4714.0,926.0
13467.0,925.0
5459.0,925.0
5312.0,924.0
4258.0,922.0
5813.0,922.0
5267.0,922.0
7514.0,921.0
5653.0,920.0
5381.0,919.0
3288.0,918.0
4801.0,916.0
5274.0,916.0
3302.0,915.0
4554.0,915.0
3655.0,915.0
10670.0,913.0
5159.0,912.0
9247.0,911.0
4727.0,911.0
4425.0,909.0
7356.0,906.0
4148.0,906.0
20663.0,905.0
4562.0,904.0
5915.0,903.0
13672.0,903.0
8969.0,902.0
4843.0,900.0
11642.0,900.0
8204.0,898.0
12677.0,897.0
3983.0,897.0
7075.0,896.0
10148.0,894.0
5237.0,893.0
7934.0,890.0
5041.0,889.0
4174.0,889.0
4921.0,888.0
8403.0,886.0
5024.0,886.0
12511.0,885.0
4749.0,885.0
6275.0,884.0
4162.0,882.0
10730.0,882.0
5022.0,881.0
8698.0,881.0
4398.0,881.0
7273.0,879.0
5315.0,878.0
6834.0,877.0
8979.0,876.0
3928.0,875.0
7144.0,873.0
4485.0,872.0
7604.0,871.0
3565.0,867.0
14791.0,867.0
7752.0,867.0
4418.0,866.0
4400.0,863.0
7665.0,860.0
5545.0,860.0
7199.0,860.0
3759.0,858.0
4717.0,858.0
7769.0,858.0
3515.0,858.0
13164.0,855.0
5173.0,855.0
6954.0,853.0
5603.0,853.0
6636.0,853.0
3388.0,852.0
3884.0,852.0
5093.0,850.0
12916.0,850.0
3395.0,850.0
7811.0,849.0
4382.0,849.0
6421.0,848.0
7503.0,848.0
7925.0,848.0
5932.0,847.0
5158.0,847.0
6294.0,847.0
6610.0,844.0
5834.0,842.0
10264.0,841.0
9718.0,841.0
4572.0,840.0
5285.0,840.0
4613.0,839.0
10611.0,837.0
4469.0,836.0
5520.0,836.0
10714.0,834.0
6874.0,834.0
12657.0,833.0
5395.0,832.0
5224.0,832.0
11626.0,829.0
4047.0,828.0
4760.0,827.0
5095.0,826.0
4722.0,825.0
10854.0,825.0
3850.0,824.0
3968.0,821.0
4302.0,820.0
8104.0,820.0
4176.0,820.0
5145.0,818.0
6899.0,815.0
6536.0,815.0
6088.0,815.0
8002.0,814.0
4762.0,814.0
5833.0,813.0
3909.0,812.0
6080.0,812.0
7909.0,811.0
7458.0,811.0
9706.0,811.0
4530.0,810.0
10496.0,809.0
7569.0,809.0
3282.0,808.0
6385.0,808.0
10504.0,808.0
4905.0,802.0
3756.0,802.0
5830.0,802.0
6405.0,801.0
4998.0,801.0
5034.0,800.0
5671.0,800.0
4472.0,797.0
7707.0,796.0
4345.0,796.0
4359.0,795.0
5922.0,795.0
4610.0,794.0
5710.0,794.0
7037.0,793.0
6365.0,793.0
5104.0,792.0
12910.0,792.0
7660.0,792.0
4898.0,792.0
7067.0,792.0
10863.0,791.0
5799.0,789.0
5832.0,788.0
4888.0,786.0
4985.0,785.0
5243.0,785.0
5127.0,784.0
6041.0,784.0
5483.0,784.0
5327.0,784.0
8547.0,783.0
3380.0,781.0
5411.0,781.0
6790.0,780.0
4286.0,780.0
4361.0,780.0
3882.0,780.0
6305.0,779.0
5457.0,779.0
9424.0,779.0
4748.0,779.0
4062.0,778.0
6299.0,777.0
6225.0,777.0
9229.0,776.0
8694.0,776.0
4154.0,776.0
5593.0,775.0
6054.0,775.0
17619.0,775.0
9274.0,775.0
6164.0,774.0
7670.0,774.0
3330.0,773.0
10981.0,772.0
4504.0,772.0
3803.0,772.0
3907.0,771.0
3502.0,771.0
5050.0,771.0
13668.0,770.0
5548.0,770.0
12895.0,770.0
5936.0,768.0
3827.0,768.0
8793.0,767.0
6607.0,766.0
4709.0,766.0
7899.0,765.0
6321.0,765.0
5509.0,764.0
15877.0,764.0
3299.0,762.0
4774.0,762.0
11617.0,760.0
3532.0,760.0
8886.0,760.0
4607.0,759.0
6906.0,759.0
5979.0,758.0
11706.0,757.0
9433.0,757.0
10259.0,757.0
6194.0,756.0
4988.0,756.0
4452.0,755.0
5605.0,754.0
7732.0,753.0
3845.0,753.0
6480.0,752.0
4788.0,752.0
3603.0,751.0
3116.0,750.0
4682.0,750.0
8419.0,750.0
7869.0,749.0
5202.0,748.0
7274.0,748.0
4218.0,747.0
6116.0,747.0
5663.0,746.0
6918.0,746.0
4904.0,746.0
7761.0,746.0
15142.0,746.0
8129.0,745.0
6151.0,745.0
5125.0,743.0
6988.0,743.0
5088.0,742.0
3578.0,741.0
5119.0,741.0
6127.0,740.0
9067.0,739.0
11245.0,739.0
10643.0,739.0
6564.0,739.0
5902.0,739.0
6316.0,738.0
4913.0,738.0
3725.0,738.0
5930.0,737.0
5078.0,737.0
4513.0,737.0
5445.0,737.0
4508.0,736.0
5490.0,736.0
11698.0,736.0
4292.0,735.0
4409.0,735.0
6634.0,734.0
6297.0,733.0
3727.0,731.0
6461.0,731.0
7622.0,731.0
3136.0,730.0
5343.0,729.0
11183.0,729.0
3835.0,728.0
5161.0,728.0
5844.0,728.0
4505.0,727.0
4309.0,727.0
6404.0,726.0
6226.0,725.0
8627.0,724.0
7404.0,724.0
6897.0,724.0
4404.0,723.0
4245.0,723.0
8147.0,722.0
6961.0,722.0
4934.0,721.0
4932.0,721.0
15217.0,719.0
4825.0,719.0
5463.0,717.0
4697.0,716.0
9431.0,716.0
6526.0,716.0
5495.0,715.0
6516.0,714.0
6044.0,714.0
5178.0,714.0
6567.0,713.0
10671.0,712.0
7343.0,712.0
4624.0,712.0
7219.0,712.0
7823.0,711.0
3056.0,710.0
5777.0,710.0
6644.0,709.0
5656.0,709.0
6972.0,709.0
7212.0,708.0
8051.0,708.0
8949.0,707.0
6023.0,706.0
3666.0,706.0
3416.0,706.0
6203.0,705.0
5136.0,705.0
6813.0,705.0
4615.0,704.0
5317.0,704.0
4342.0,704.0
7139.0,704.0
4163.0,704.0
6690.0,703.0
3766.0,703.0
6401.0,703.0
13778.0,702.0
6132.0,701.0
10563.0,700.0
4180.0,700.0
10788.0,699.0
3286.0,699.0
6036.0,698.0
5617.0,697.0
4151.0,696.0
5149.0,696.0
7034.0,695.0
6729.0,694.0
3906.0,694.0
5597.0,693.0
5993.0,693.0
3312.0,693.0
5574.0,693.0
6021.0,693.0
5015.0,692.0
4395.0,692.0
5321.0,692.0
8518.0,691.0
5350.0,691.0
5003.0,691.0
3761.0,690.0
9048.0,690.0
3784.0,688.0
11432.0,688.0
7793.0,687.0
6436.0,687.0
5019.0,687.0
5668.0,686.0
6027.0,686.0
7733.0,685.0
5382.0,685.0
3780.0,685.0
7649.0,684.0
5947.0,684.0
3770.0,683.0
5309.0,683.0
4021.0,683.0
6216.0,682.0
3980.0,682.0
2899.0,682.0
3857.0,681.0
5513.0,681.0
9587.0,679.0
4657.0,679.0
7575.0,677.0
6025.0,677.0
4778.0,677.0
7426.0,676.0
5923.0,676.0
8262.0,676.0
4487.0,676.0
5628.0,675.0
4975.0,675.0
5929.0,674.0
5059.0,674.0
4789.0,674.0
4244.0,674.0
4351.0,674.0
6935.0,673.0
11122.0,673.0
12752.0,673.0
4793.0,672.0
15670.0,672.0
5211.0,671.0
4741.0,671.0
5797.0,671.0
3303.0,670.0
4216.0,670.0
7809.0,670.0
4605.0,668.0
5601.0,668.0
6412.0,667.0
9128.0,667.0
6146.0,667.0
3221.0,667.0
4713.0,666.0
6279.0,665.0
5890.0,664.0
4463.0,664.0
4828.0,664.0
4018.0,664.0
4502.0,664.0
6747.0,663.0
2905.0,663.0
6005.0,663.0
9559.0,663.0
6268.0,663.0
10060.0,662.0
7647.0,662.0
11267.0,662.0
6001.0,662.0
5964.0,662.0
8375.0,661.0
5875.0,660.0
5064.0,659.0
4581.0,659.0
3501.0,659.0
5638.0,657.0
4327.0,657.0
5292.0,657.0
5027.0,657.0
5302.0,657.0
5357.0,657.0
3797.0,656.0
6428.0,656.0
4300.0,656.0
4531.0,656.0
7369.0,656.0
7758.0,656.0
9368.0,656.0
6019.0,655.0
5053.0,655.0
6998.0,654.0
5972.0,654.0
4930.0,653.0
6417.0,653.0
7376.0,653.0
5855.0,653.0
4842.0,652.0
3448.0,652.0
5848.0,651.0
5876.0,651.0
4745.0,651.0
4264.0,650.0
5032.0,650.0
2806.0,649.0
7336.0,649.0
5299.0,649.0
6415.0,649.0
5770.0,648.0
6081.0,648.0
7465.0,648.0
4786.0,647.0
9392.0,647.0
9207.0,646.0
7744.0,645.0
6903.0,645.0
5642.0,645.0
5162.0,644.0
6921.0,644.0
3516.0,644.0
11541.0,644.0
6620.0,644.0
6378.0,644.0
3551.0,644.0
6498.0,643.0
6537.0,642.0
5129.0,642.0
5946.0,642.0
6736.0,642.0
4860.0,641.0
9381.0,641.0
8713.0,640.0
5153.0,640.0
3529.0,640.0
5462.0,639.0
5678.0,639.0
4335.0,639.0
6996.0,639.0
5957.0,639.0
7107.0,638.0
5318.0,638.0
7080.0,638.0
5522.0,637.0
8131.0,637.0
9895.0,637.0
7275.0,636.0
5155.0,636.0
10511.0,636.0
4728.0,636.0
5260.0,636.0
5431.0,635.0
5037.0,635.0
2857.0,635.0
7188.0,634.0
7374.0,634.0
3833.0,634.0
3830.0,633.0
4422.0,633.0
5910.0,632.0
6377.0,632.0
4802.0,632.0
5867.0,632.0
3433.0,631.0
7229.0,630.0
6451.0,630.0
2783.0,630.0
4865.0,629.0
5980.0,629.0
5406.0,629.0
3454.0,628.0
5365.0,628.0
4491.0,628.0
3057.0,628.0
7421.0,628.0
5371.0,627.0
5530.0,627.0
3523.0,627.0
5301.0,626.0
7547.0,626.0
6214.0,626.0
6565.0,625.0
5288.0,625.0
6514.0,625.0
4564.0,624.0
5184.0,623.0
4269.0,623.0
3746.0,623.0
7895.0,622.0
4464.0,622.0
3726.0,622.0
5283.0,621.0
6375.0,621.0
4845.0,621.0
4775.0,621.0
3479.0,620.0
6042.0,620.0
5049.0,620.0
7026.0,619.0
4854.0,619.0
5419.0,619.0
3720.0,618.0
7455.0,618.0
4235.0,618.0
4910.0,618.0
3606.0,617.0
4130.0,616.0
7962.0,616.0
5512.0,616.0
2548.0,615.0
5754.0,615.0
8743.0,615.0
4674.0,614.0
3160.0,614.0
6969.0,614.0
7473.0,614.0
7153.0,614.0
11728.0,614.0
5912.0,613.0
6083.0,613.0
5325.0,612.0
4832.0,611.0
3296.0,611.0
2493.0,611.0
5137.0,611.0
6640.0,610.0
5528.0,609.0
6447.0,609.0
6126.0,609.0
4676.0,608.0
6515.0,608.0
5699.0,607.0
4643.0,607.0
6454.0,607.0
4533.0,607.0
6239.0,607.0
4169.0,606.0
6012.0,606.0
5446.0,606.0
8006.0,605.0
5751.0,605.0
7267.0,605.0
9880.0,605.0
5181.0,605.0
4306.0,604.0
3997.0,604.0
5028.0,604.0
4557.0,604.0
3861.0,603.0
3977.0,603.0
3931.0,603.0
5658.0,602.0
5637.0,602.0
5800.0,602.0
4950.0,602.0
3678.0,602.0
6744.0,602.0
4427.0,602.0
3702.0,602.0
5190.0,602.0
4224.0,601.0
4627.0,601.0
6160.0,601.0
5839.0,600.0
3481.0,600.0
3439.0,600.0
9528.0,600.0
6600.0,599.0
7928.0,599.0
3340.0,599.0
9414.0,599.0
11589.0,598.0
5192.0,598.0
3487.0,598.0
7765.0,597.0
3708.0,597.0
3710.0,597.0
4085.0,597.0
5362.0,596.0
4413.0,595.0
8112.0,595.0
5536.0,594.0
5539.0,594.0
8714.0,593.0
8193.0,593.0
3517.0,593.0
7264.0,592.0
5420.0,591.0
6862.0,591.0
3334.0,591.0
4570.0,591.0
3936.0,590.0
3572.0,590.0
3327.0,590.0
8096.0,589.0
4846.0,589.0
7112.0,588.0
3961.0,587.0
7512.0,587.0
4494.0,587.0
3792.0,586.0
5106.0,586.0
9561.0,586.0
3645.0,586.0
9801.0,585.0
4954.0,584.0
6695.0,584.0
3944.0,584.0
4872.0,583.0
3595.0,583.0
7230.0,583.0
5001.0,583.0
5438.0,583.0
10209.0,582.0
5203.0,582.0
4866.0,581.0
9349.0,581.0
3597.0,581.0
6764.0,581.0
3241.0,580.0
8226.0,580.0
6513.0,580.0
4075.0,580.0
6094.0,579.0
16887.0,579.0
4065.0,579.0
6826.0,579.0
6376.0,579.0
4263.0,579.0
5045.0,579.0
5581.0,578.0
7344.0,578.0
4637.0,578.0
3466.0,577.0
5404.0,577.0
4553.0,577.0
5614.0,576.0
8126.0,576.0
9739.0,576.0
7120.0,576.0
4601.0,576.0
8700.0,575.0
7474.0,575.0
5353.0,575.0
8097.0,575.0
6486.0,575.0
8564.0,574.0
3842.0,574.0
6293.0,574.0
6927.0,573.0
7978.0,573.0
3147.0,573.0
6049.0,573.0
3459.0,572.0
4671.0,571.0
5569.0,571.0
6323.0,571.0
5017.0,571.0
3853.0,570.0
4210.0,570.0
3438.0,569.0
4293.0,569.0
4555.0,569.0
6278.0,569.0
2312.0,569.0
5210.0,568.0
6717.0,568.0
6962.0,568.0
4523.0,568.0
3458.0,567.0
6657.0,567.0
4166.0,566.0
3029.0,566.0
3197.0,566.0
6653.0,566.0
4094.0,566.0
5492.0,565.0
8217.0,565.0
9533.0,565.0
10887.0,564.0
6585.0,564.0
4651.0,564.0
6140.0,564.0
5212.0,563.0
6192.0,563.0
5809.0,563.0
6822.0,563.0
3749.0,563.0
10046.0,562.0
5598.0,562.0
4972.0,562.0
5949.0,560.0
6494.0,560.0
6818.0,560.0
5664.0,560.0
8209.0,558.0
4729.0,558.0
3912.0,558.0
8020.0,557.0
5099.0,557.0
10131.0,557.0
5883.0,557.0
5870.0,556.0
6106.0,556.0
4936.0,556.0
5737.0,556.0
7834.0,556.0
6413.0,556.0
4391.0,556.0
3674.0,555.0
6261.0,555.0
3937.0,555.0
5734.0,555.0
7687.0,555.0
7351.0,555.0
6445.0,554.0
6937.0,554.0
5054.0,554.0
6153.0,554.0
4566.0,554.0
5860.0,554.0
4471.0,554.0
4761.0,553.0
5360.0,553.0
6922.0,553.0
6070.0,553.0
3455.0,553.0
5861.0,552.0
5987.0,552.0
4550.0,551.0
4733.0,551.0
3534.0,551.0
4492.0,551.0
4480.0,550.0
7017.0,550.0
3814.0,549.0
7108.0,549.0
8357.0,549.0
7842.0,548.0
7998.0,548.0
8602.0,548.0
14721.0,546.0
3149.0,546.0
6509.0,546.0
5553.0,546.0
8377.0,545.0
7216.0,545.0
3740.0,544.0
4108.0,544.0
3370.0,543.0
2995.0,542.0
5694.0,542.0
4360.0,542.0
4421.0,541.0
5103.0,541.0
6616.0,541.0
4038.0,541.0
12983.0,540.0
6499.0,540.0
5764.0,540.0
10121.0,539.0
4645.0,539.0
5885.0,539.0
8326.0,538.0
6435.0,538.0
9357.0,538.0
3653.0,538.0
5358.0,538.0
4393.0,537.0
3544.0,537.0
5113.0,536.0
6259.0,536.0
9979.0,535.0
7325.0,535.0
5992.0,534.0
6696.0,534.0
5246.0,534.0
3021.0,534.0
5702.0,533.0
4647.0,533.0
7341.0,533.0
9417.0,532.0
3394.0,532.0
8272.0,532.0
4282.0,532.0
4736.0,532.0
5205.0,532.0
4574.0,532.0
4305.0,531.0
4881.0,531.0
4016.0,531.0
5549.0,531.0
5387.0,530.0
7215.0,530.0
6009.0,530.0
5225.0,530.0
8350.0,530.0
7543.0,529.0
4621.0,529.0
4068.0,529.0
5791.0,529.0
4744.0,529.0
4027.0,528.0
5657.0,528.0
5956.0,527.0
4606.0,527.0
6704.0,527.0
7817.0,526.0
6733.0,526.0
8269.0,526.0
5602.0,526.0
5701.0,525.0
2872.0,525.0
6872.0,525.0
11622.0,525.0
5067.0,525.0
4341.0,525.0
3477.0,524.0
7825.0,524.0
6302.0,524.0
3521.0,524.0
3410.0,524.0
6934.0,523.0
4711.0,523.0
5616.0,523.0
2175.0,523.0
4290.0,523.0
8179.0,523.0
4979.0,522.0
5151.0,521.0
5201.0,521.0
7560.0,521.0
9891.0,521.0
7140.0,521.0
4147.0,521.0
3451.0,521.0
4863.0,521.0
4859.0,521.0
11300.0,520.0
4803.0,520.0
5887.0,520.0
3748.0,520.0
7777.0,519.0
5368.0,519.0
6473.0,519.0
4059.0,518.0
4466.0,518.0
4879.0,517.0
3070.0,517.0
6398.0,517.0
8519.0,517.0
3256.0,516.0
5180.0,516.0
3011.0,516.0
3891.0,515.0
4777.0,515.0
5166.0,515.0
4544.0,515.0
5189.0,515.0
3274.0,514.0
4376.0,514.0
4746.0,514.0
3213.0,514.0
2901.0,514.0
6411.0,513.0
8842.0,513.0
6677.0,513.0
6983.0,513.0
3877.0,513.0
8462.0,512.0
6124.0,512.0
3060.0,512.0
8025.0,512.0
6207.0,512.0
3418.0,511.0
6992.0,511.0
4576.0,511.0
5170.0,511.0
5621.0,510.0
3422.0,510.0
7492.0,510.0
2943.0,509.0
4609.0,509.0
7200.0,509.0
3926.0,509.0
7781.0,509.0
3194.0,508.0
4629.0,508.0
3243.0,508.0
3423.0,507.0
6286.0,507.0
5681.0,507.0
4831.0,507.0
3230.0,507.0
4150.0,507.0
4708.0,506.0
5774.0,506.0
4215.0,506.0
3754.0,506.0
3412.0,506.0
7192.0,506.0
6712.0,506.0
5436.0,506.0
7772.0,505.0
5111.0,505.0
11054.0,505.0
3488.0,505.0
4033.0,505.0
3378.0,504.0
4145.0,504.0
3736.0,504.0
4707.0,504.0
6501.0,503.0
4770.0,503.0
5679.0,503.0
8264.0,503.0
5806.0,503.0
7467.0,503.0
3081.0,503.0
5146.0,503.0
4885.0,503.0
9461.0,502.0
5251.0,502.0
3364.0,501.0
7346.0,501.0
6718.0,501.0
5596.0,501.0
11378.0,501.0
10056.0,501.0
5857.0,500.0
3651.0,500.0
3280.0,500.0
5714.0,499.0
4539.0,499.0
8346.0,499.0
8135.0,499.0
5236.0,498.0
6488.0,498.0
8088.0,497.0
3671.0,497.0
3925.0,497.0
6046.0,497.0
5348.0,497.0
4716.0,496.0
4918.0,496.0
3443.0,496.0
3034.0,495.0
4320.0,495.0
2441.0,495.0
5264.0,495.0
7491.0,495.0
2965.0,495.0
5906.0,495.0
2987.0,495.0
9376.0,494.0
8073.0,494.0
3773.0,494.0
5193.0,494.0
3660.0,493.0
5486.0,493.0
6167.0,493.0
5880.0,493.0
3171.0,492.0
8186.0,492.0
7796.0,492.0
7178.0,492.0
3411.0,492.0
6830.0,492.0
6060.0,492.0
3939.0,491.0
5670.0,491.0
7287.0,491.0
6595.0,491.0
7526.0,491.0
6629.0,491.0
10493.0,490.0
5508.0,490.0
7578.0,490.0
3200.0,490.0
4542.0,490.0
8228.0,489.0
3407.0,489.0
4827.0,489.0
4683.0,488.0
9085.0,488.0
5514.0,488.0
7795.0,488.0
5229.0,487.0
4420.0,487.0
9669.0,487.0
5583.0,487.0
4797.0,486.0
5455.0,486.0
6360.0,486.0
8630.0,486.0
7111.0,485.0
3545.0,485.0
2976.0,485.0
6587.0,485.0
5354.0,484.0
5407.0,482.0
9172.0,482.0
5781.0,482.0
4109.0,481.0
12736.0,481.0
5851.0,481.0
8817.0,481.0
3673.0,480.0
7483.0,480.0
3315.0,480.0
13471.0,479.0
5081.0,479.0
2096.0,479.0
6527.0,479.0
3043.0,479.0
7303.0,478.0
7128.0,478.0
3205.0,478.0
4800.0,478.0
6833.0,478.0
7364.0,478.0
2687.0,478.0
6776.0,477.0
7920.0,477.0
2944.0,477.0
4632.0,477.0
6076.0,477.0
4769.0,477.0
4078.0,477.0
8164.0,476.0
5488.0,475.0
6979.0,474.0
6419.0,474.0
4942.0,474.0
7113.0,474.0
6560.0,474.0
9222.0,474.0
3718.0,473.0
8013.0,473.0
2185.0,473.0
7073.0,473.0
6670.0,473.0
6482.0,473.0
4037.0,473.0
6429.0,472.0
4483.0,472.0
6975.0,472.0
7907.0,472.0
7342.0,472.0
6699.0,471.0
5742.0,471.0
5588.0,471.0
7818.0,471.0
4225.0,470.0
5497.0,469.0
4140.0,469.0
8448.0,468.0
4240.0,468.0
5482.0,467.0
4583.0,467.0
9611.0,467.0
5233.0,467.0
3917.0,466.0
4743.0,466.0
4481.0,466.0
5338.0,466.0
9293.0,466.0
3635.0,465.0
8123.0,465.0
3401.0,465.0
9625.0,465.0
3248.0,465.0
10741.0,465.0
5254.0,464.0
3490.0,464.0
7398.0,464.0
4875.0,463.0
7750.0,463.0
9741.0,463.0
4117.0,463.0
5157.0,463.0
4598.0,463.0
7020.0,462.0
8775.0,460.0
2446.0,460.0
7055.0,460.0
5815.0,460.0
9422.0,460.0
6828.0,459.0
6970.0,459.0
4944.0,459.0
4426.0,459.0
11791.0,459.0
4346.0,459.0
3300.0,459.0
4528.0,458.0
7595.0,458.0
6910.0,458.0
6362.0,457.0
5595.0,457.0
3902.0,457.0
5109.0,456.0
6721.0,456.0
4230.0,455.0
4919.0,455.0
7149.0,454.0
5496.0,454.0
2843.0,454.0
7736.0,454.0
7929.0,453.0
4111.0,453.0
1341.0,452.0
5169.0,452.0
3580.0,452.0
5990.0,451.0
4007.0,451.0
11796.0,451.0
7826.0,451.0
4010.0,451.0
4925.0,450.0
5218.0,450.0
5928.0,450.0
7449.0,450.0
7330.0,450.0
4319.0,449.0
5521.0,449.0
4453.0,449.0
5766.0,449.0
3124.0,449.0
8033.0,449.0
4208.0,448.0
3783.0,448.0
3768.0,448.0
4686.0,448.0
3978.0,447.0
4121.0,447.0
5124.0,447.0
8156.0,447.0
3991.0,446.0
5647.0,446.0
3107.0,446.0
6645.0,446.0
7317.0,446.0
6424.0,446.0
4223.0,446.0
5516.0,446.0
6091.0,445.0
7214.0,444.0
4939.0,444.0
3195.0,444.0
3059.0,444.0
3505.0,444.0
5303.0,444.0
4587.0,443.0
5164.0,443.0
7095.0,443.0
6684.0,443.0
5276.0,442.0
3372.0,442.0
5578.0,442.0
4091.0,442.0
3080.0,442.0
2343.0,441.0
7880.0,441.0
10170.0,441.0
7068.0,441.0
3966.0,440.0
6180.0,440.0
5903.0,440.0
6171.0,440.0
4304.0,440.0
11782.0,439.0
16970.0,439.0
4791.0,439.0
7447.0,439.0
5680.0,439.0
5474.0,439.0
4303.0,439.0
2983.0,438.0
5080.0,438.0
4030.0,438.0
3679.0,438.0
4870.0,437.0
2551.0,437.0
3103.0,437.0
8670.0,437.0
5133.0,437.0
5712.0,436.0
7505.0,436.0
3806.0,435.0
6063.0,435.0
4358.0,435.0
3225.0,435.0
2525.0,435.0
5451.0,434.0
7456.0,434.0
7451.0,434.0
6959.0,434.0
6247.0,434.0
4153.0,434.0
7162.0,434.0
4884.0,434.0
7500.0,434.0
4931.0,433.0
5477.0,433.0
5465.0,432.0
7174.0,432.0
2494.0,431.0
5580.0,431.0
4779.0,431.0
5587.0,431.0
6546.0,431.0
7297.0,431.0
4000.0,431.0
3910.0,431.0
4626.0,430.0
3095.0,430.0
5554.0,430.0
5058.0,430.0
4332.0,429.0
4336.0,429.0
7163.0,429.0
3953.0,429.0
3892.0,429.0
3887.0,429.0
3735.0,429.0
7353.0,429.0
4460.0,429.0
2699.0,429.0
3349.0,428.0
6352.0,428.0
3812.0,427.0
4397.0,427.0
6517.0,427.0
4042.0,427.0
4442.0,427.0
5470.0,426.0
5921.0,426.0
4212.0,426.0
3592.0,426.0
6125.0,426.0
6860.0,426.0
4893.0,426.0
4438.0,426.0
8452.0,425.0
2544.0,425.0
8680.0,425.0
7510.0,425.0
5672.0,425.0
3354.0,425.0
6089.0,424.0
8997.0,424.0
5461.0,424.0
6011.0,424.0
3323.0,424.0
6393.0,423.0
3918.0,423.0
2408.0,422.0
6691.0,422.0
7446.0,422.0
9216.0,422.0
5176.0,422.0
3914.0,421.0
3092.0,421.0
7612.0,421.0
6782.0,421.0
8998.0,421.0
3005.0,421.0
5156.0,420.0
4663.0,420.0
3617.0,420.0
4723.0,420.0
6686.0,420.0
5609.0,420.0
3893.0,420.0
3798.0,419.0
5096.0,419.0
5489.0,419.0
4363.0,419.0
6244.0,419.0
4599.0,419.0
6603.0,418.0
6578.0,418.0
4756.0,418.0
3896.0,418.0
3471.0,417.0
8708.0,417.0
5926.0,417.0
5116.0,417.0
6444.0,416.0
4017.0,416.0
4045.0,416.0
9496.0,416.0
5840.0,416.0
4739.0,416.0
3253.0,416.0
5055.0,415.0
6269.0,415.0
3883.0,415.0
4251.0,414.0
3293.0,414.0
6622.0,414.0
5606.0,414.0
3351.0,413.0
5208.0,413.0
4048.0,412.0
6547.0,412.0
5690.0,412.0
3139.0,412.0
2769.0,412.0
7445.0,412.0
7170.0,411.0
3948.0,411.0
6205.0,411.0
3201.0,411.0
5908.0,411.0
5392.0,410.0
10078.0,410.0
4451.0,410.0
6920.0,410.0
2555.0,410.0
4126.0,410.0
7116.0,410.0
3366.0,410.0
7862.0,410.0
4635.0,409.0
5994.0,409.0
7201.0,409.0
3365.0,409.0
7943.0,408.0
2768.0,408.0
7767.0,408.0
6257.0,408.0
5374.0,407.0
5911.0,407.0
6038.0,407.0
7288.0,406.0
3962.0,406.0
6571.0,406.0
3586.0,406.0
3242.0,406.0
7114.0,406.0
7124.0,406.0
6697.0,406.0
5232.0,406.0
7432.0,406.0
7250.0,406.0
5377.0,405.0
3145.0,405.0
4449.0,405.0
4994.0,405.0
4977.0,404.0
3460.0,404.0
8585.0,404.0
4955.0,404.0
4787.0,403.0
7089.0,403.0
6795.0,403.0
7827.0,402.0
6799.0,402.0
4620.0,402.0
6781.0,402.0
3305.0,401.0
8412.0,401.0
5984.0,401.0
3794.0,401.0
6215.0,401.0
3236.0,401.0
5322.0,401.0
7004.0,400.0
3852.0,400.0
6948.0,400.0
3014.0,400.0
2883.0,399.0
3240.0,399.0
4294.0,399.0
7661.0,399.0
6518.0,398.0
2186.0,398.0
6557.0,398.0
3789.0,398.0
7008.0,398.0
1619.0,397.0
3911.0,397.0
4001.0,397.0
3982.0,397.0
7985.0,397.0
1927.0,396.0
4603.0,396.0
7639.0,396.0
8237.0,396.0
3658.0,396.0
3915.0,395.0
5576.0,395.0
3621.0,395.0
9213.0,395.0
8351.0,395.0
6523.0,395.0
4809.0,395.0
4167.0,394.0
2904.0,394.0
4095.0,394.0
6487.0,394.0
2664.0,394.0
6957.0,394.0
8124.0,394.0
4407.0,394.0
5881.0,394.0
7527.0,394.0
3324.0,393.0
8815.0,393.0
8252.0,393.0
6157.0,393.0
4747.0,393.0
5771.0,392.0
7854.0,392.0
5610.0,392.0
5591.0,392.0
7110.0,392.0
3157.0,392.0
6779.0,391.0
6467.0,391.0
5016.0,391.0
3970.0,391.0
4593.0,390.0
5171.0,390.0
3681.0,390.0
3627.0,390.0
4922.0,390.0
6260.0,390.0
5706.0,389.0
5070.0,389.0
3474.0,389.0
6852.0,389.0
4948.0,389.0
4003.0,388.0
5963.0,388.0
6123.0,388.0
3231.0,388.0
3751.0,388.0
2852.0,387.0
3894.0,387.0
5673.0,387.0
4497.0,387.0
3000.0,387.0
8485.0,387.0
3065.0,387.0
6965.0,386.0
4388.0,386.0
2894.0,386.0
5708.0,385.0
4661.0,385.0
5316.0,385.0
7658.0,385.0
3137.0,385.0
6479.0,384.0
3611.0,384.0
7373.0,384.0
6114.0,383.0
3987.0,383.0
3072.0,383.0
6032.0,382.0
8145.0,382.0
4256.0,382.0
5244.0,382.0
5651.0,382.0
3483.0,381.0
3510.0,381.0
8594.0,381.0
9090.0,381.0
8845.0,381.0
7306.0,381.0
5726.0,380.0
7027.0,380.0
2886.0,380.0
5944.0,380.0
4434.0,380.0
7994.0,379.0
7425.0,379.0
4124.0,379.0
3428.0,379.0
6668.0,379.0
3484.0,379.0
6503.0,379.0
6438.0,378.0
8453.0,378.0
4973.0,378.0
3403.0,377.0
7104.0,377.0
4272.0,377.0
3342.0,377.0
3855.0,377.0
2786.0,377.0
6735.0,377.0
3613.0,377.0
2657.0,377.0
5182.0,376.0
3491.0,376.0
6389.0,376.0
5150.0,375.0
4161.0,375.0
4298.0,375.0
4792.0,375.0
5219.0,375.0
6191.0,375.0
5519.0,375.0
4064.0,375.0
5524.0,374.0
5901.0,374.0
5501.0,374.0
6801.0,374.0
4656.0,374.0
4401.0,373.0
6468.0,373.0
6470.0,373.0
4431.0,373.0
4296.0,373.0
8644.0,373.0
4669.0,373.0
4726.0,372.0
4799.0,372.0
4406.0,372.0
8501.0,372.0
3927.0,372.0
8595.0,372.0
3553.0,372.0
2429.0,372.0
2684.0,372.0
6195.0,371.0
5196.0,371.0
7652.0,371.0
7424.0,371.0
2868.0,371.0
4724.0,371.0
4308.0,371.0
5965.0,371.0
5718.0,371.0
6074.0,371.0
3432.0,370.0
3062.0,370.0
2923.0,370.0
9391.0,370.0
4100.0,370.0
6397.0,370.0
3290.0,370.0
5491.0,370.0
4500.0,369.0
6119.0,369.0
4493.0,369.0
7382.0,369.0
5230.0,368.0
6827.0,368.0
3527.0,368.0
7890.0,368.0
2916.0,368.0
8239.0,368.0
5725.0,368.0
4019.0,368.0
4981.0,368.0
4920.0,367.0
7498.0,367.0
4753.0,367.0
7860.0,366.0
5000.0,366.0
8442.0,366.0
8369.0,366.0
10883.0,366.0
6357.0,366.0
7459.0,366.0
3109.0,366.0
4116.0,366.0
3600.0,365.0
3764.0,365.0
5128.0,365.0
6152.0,365.0
8149.0,365.0
7601.0,365.0
5265.0,365.0
6213.0,365.0
8497.0,364.0
3247.0,364.0
5623.0,364.0
2902.0,364.0
5221.0,363.0
5934.0,363.0
2122.0,363.0
3187.0,363.0
4268.0,363.0
8756.0,363.0
3847.0,363.0
4390.0,363.0
4578.0,362.0
7177.0,362.0
4783.0,362.0
7309.0,362.0
4155.0,362.0
5215.0,361.0
5884.0,361.0
2954.0,361.0
3409.0,361.0
3446.0,361.0
7610.0,360.0
8577.0,360.0
6139.0,359.0
3697.0,359.0
3148.0,359.0
3013.0,359.0
3190.0,359.0
6814.0,358.0
7198.0,358.0
6659.0,358.0
7559.0,358.0
11459.0,358.0
4894.0,358.0
5907.0,358.0
3958.0,358.0
5746.0,358.0
6510.0,358.0
3278.0,358.0
8150.0,358.0
4496.0,357.0
5787.0,357.0
5560.0,357.0
4372.0,357.0
3876.0,357.0
5220.0,357.0
5789.0,357.0
4541.0,357.0
6147.0,356.0
3900.0,356.0
5154.0,356.0
3152.0,356.0
5937.0,356.0
4295.0,355.0
2774.0,355.0
6047.0,355.0
5643.0,355.0
3188.0,355.0
4543.0,354.0
4829.0,354.0
5707.0,354.0
10018.0,354.0
2247.0,354.0
3192.0,354.0
8908.0,354.0
3348.0,354.0
6263.0,354.0
6770.0,353.0
7677.0,353.0
4136.0,353.0
4473.0,353.0
3804.0,353.0
6628.0,353.0
4106.0,353.0
4274.0,353.0
4589.0,353.0
7053.0,352.0
2071.0,352.0
3650.0,352.0
7525.0,352.0
5435.0,352.0
5471.0,352.0
3061.0,352.0
11903.0,352.0
6593.0,351.0
3647.0,351.0
6588.0,351.0
5927.0,351.0
6198.0,351.0
3094.0,351.0
7523.0,350.0
4455.0,350.0
7143.0,350.0
2959.0,349.0
3781.0,349.0
8074.0,349.0
2495.0,349.0
4333.0,349.0
4818.0,349.0
6061.0,349.0
5971.0,349.0
7598.0,349.0
3356.0,348.0
4812.0,348.0
5649.0,348.0
2607.0,348.0
3729.0,348.0
4313.0,347.0
4101.0,347.0
7173.0,347.0
4835.0,347.0
2897.0,347.0
5600.0,347.0
3560.0,347.0
5386.0,347.0
5065.0,346.0
6849.0,346.0
5803.0,346.0
1369.0,346.0
3637.0,346.0
8108.0,346.0
4974.0,346.0
4436.0,346.0
5733.0,346.0
4367.0,345.0
4456.0,345.0
3030.0,345.0
4344.0,345.0
4780.0,345.0
2926.0,345.0
5450.0,345.0
3307.0,345.0
2933.0,344.0
3272.0,344.0
4098.0,344.0
5897.0,344.0
4144.0,344.0
7745.0,343.0
3821.0,343.0
4784.0,343.0
5011.0,343.0
6767.0,342.0
4241.0,342.0
4796.0,342.0
4477.0,342.0
3626.0,341.0
5449.0,341.0
7065.0,341.0
6680.0,341.0
3813.0,341.0
5333.0,341.0
3579.0,341.0
8218.0,341.0
4912.0,341.0
3969.0,340.0
7748.0,340.0
1583.0,340.0
6307.0,339.0
2451.0,339.0
4790.0,339.0
2314.0,339.0
8280.0,339.0
2988.0,339.0
7749.0,338.0
6613.0,338.0
5827.0,338.0
3071.0,338.0
4896.0,337.0
5345.0,337.0
3868.0,337.0
6561.0,337.0
3328.0,337.0
6309.0,336.0
5786.0,336.0
5023.0,336.0
5272.0,336.0
4856.0,336.0
2682.0,336.0
2517.0,336.0
6053.0,336.0
4658.0,336.0
6741.0,336.0
7395.0,336.0
5418.0,335.0
7778.0,335.0
4408.0,335.0
3441.0,335.0
6689.0,335.0
5849.0,335.0
5275.0,335.0
4945.0,335.0
2176.0,335.0
7268.0,334.0
2991.0,334.0
4999.0,334.0
3102.0,334.0
5618.0,334.0
4041.0,333.0
9806.0,333.0
5565.0,333.0
3146.0,333.0
4983.0,333.0
6337.0,333.0
3860.0,333.0
7006.0,333.0
3343.0,332.0
5500.0,332.0
4074.0,332.0
9359.0,332.0
3945.0,332.0
3397.0,332.0
4093.0,332.0
2496.0,332.0
5352.0,331.0
4941.0,331.0
5238.0,331.0
3358.0,331.0
4892.0,331.0
6907.0,331.0
3019.0,331.0
4139.0,331.0
10050.0,331.0
6329.0,331.0
8424.0,330.0
2221.0,330.0
3874.0,330.0
5517.0,330.0
4248.0,330.0
3709.0,330.0
6221.0,330.0
5935.0,329.0
5721.0,329.0
5989.0,329.0
6452.0,329.0
4642.0,329.0
4821.0,329.0
2888.0,329.0
7555.0,329.0
6999.0,329.0
7701.0,328.0
3143.0,328.0
4014.0,328.0
5375.0,328.0
5174.0,328.0
3111.0,328.0
5975.0,328.0
6711.0,328.0
2725.0,328.0
4734.0,328.0
3802.0,327.0
5293.0,327.0
5383.0,327.0
5179.0,327.0
3856.0,327.0
4966.0,327.0
8668.0,326.0
7090.0,326.0
3486.0,326.0
5240.0,326.0
6766.0,326.0
5223.0,326.0
4084.0,325.0
4321.0,325.0
4450.0,325.0
4200.0,325.0
2556.0,325.0
4623.0,325.0
3345.0,325.0
7739.0,325.0
4181.0,325.0
9971.0,324.0
5227.0,324.0
2759.0,324.0
6029.0,324.0
4848.0,324.0
3790.0,324.0
4039.0,324.0
7100.0,323.0
3355.0,323.0
2822.0,323.0
5594.0,323.0
7488.0,323.0
2696.0,323.0
4326.0,322.0
3115.0,322.0
4958.0,322.0
4197.0,322.0
4520.0,322.0
2017.0,321.0
7742.0,321.0
2837.0,321.0
7722.0,321.0
8553.0,321.0
4178.0,321.0
5752.0,320.0
4957.0,320.0
11322.0,320.0
3098.0,320.0
6933.0,320.0
2404.0,320.0
5780.0,320.0
3641.0,320.0
5709.0,320.0
4357.0,319.0
4924.0,319.0
2956.0,319.0
6256.0,319.0
2796.0,319.0
6575.0,319.0
4685.0,319.0
6492.0,319.0
5266.0,319.0
1056.0,319.0
6512.0,319.0
2728.0,318.0
6846.0,318.0
5745.0,318.0
5999.0,318.0
3223.0,318.0
5415.0,317.0
3612.0,317.0
4704.0,317.0
5691.0,317.0
6971.0,316.0
6313.0,316.0
2263.0,316.0
3196.0,316.0
6179.0,316.0
8231.0,315.0
5040.0,315.0
2900.0,315.0
8832.0,315.0
5738.0,315.0
3284.0,315.0
7539.0,315.0
6952.0,315.0
6648.0,314.0
6137.0,314.0
3415.0,314.0
4984.0,314.0
6797.0,314.0
2935.0,314.0
4090.0,314.0
4183.0,313.0
2998.0,312.0
6013.0,312.0
4742.0,312.0
3099.0,312.0
5310.0,312.0
4816.0,312.0
3492.0,312.0
3376.0,311.0
5662.0,311.0
6584.0,311.0
7015.0,311.0
4718.0,311.0
9512.0,311.0
2964.0,310.0
3047.0,310.0
5074.0,310.0
5577.0,310.0
5538.0,310.0
3839.0,310.0
5960.0,310.0
8695.0,309.0
5831.0,309.0
3514.0,309.0
5239.0,309.0
4439.0,309.0
7908.0,309.0
4937.0,309.0
6228.0,309.0
4179.0,308.0
2416.0,308.0
3264.0,308.0
2170.0,308.0
7076.0,308.0
3496.0,308.0
4370.0,308.0
6048.0,308.0
9160.0,308.0
3628.0,308.0
6707.0,308.0
4916.0,307.0
7269.0,307.0
3257.0,307.0
2311.0,307.0
5590.0,306.0
5784.0,306.0
2753.0,306.0
2889.0,306.0
8109.0,306.0
4415.0,305.0
5755.0,305.0
7828.0,305.0
2336.0,305.0
5142.0,305.0
4034.0,305.0
6807.0,304.0
3878.0,304.0
6314.0,304.0
5704.0,304.0
5613.0,304.0
5962.0,304.0
4823.0,304.0
5961.0,303.0
5760.0,303.0
3478.0,303.0
6930.0,303.0
4826.0,302.0
5123.0,302.0
4004.0,302.0
5942.0,302.0
6058.0,302.0
5778.0,302.0
3350.0,302.0
4917.0,301.0
5563.0,301.0
4636.0,301.0
6863.0,301.0
2765.0,301.0
3820.0,301.0
6543.0,301.0
3503.0,301.0
5823.0,301.0
3344.0,300.0
1708.0,300.0
4168.0,300.0
8041.0,300.0
6687.0,300.0
6544.0,300.0
2691.0,300.0
6358.0,300.0
4377.0,300.0
2606.0,299.0
3866.0,299.0
4771.0,299.0
4546.0,299.0
3723.0,299.0
3028.0,298.0
6252.0,298.0
5878.0,298.0
5570.0,298.0
1644.0,298.0
3938.0,298.0
6163.0,298.0
5511.0,297.0
7990.0,297.0
6892.0,297.0
5083.0,297.0
6199.0,297.0
5082.0,296.0
2810.0,296.0
3279.0,296.0
7031.0,296.0
1344.0,296.0
4257.0,296.0
4152.0,296.0
8379.0,296.0
4246.0,295.0
3816.0,295.0
4096.0,295.0
6016.0,294.0
2678.0,294.0
4171.0,294.0
9434.0,294.0
9692.0,294.0
6651.0,294.0
3506.0,294.0
9322.0,294.0
7277.0,293.0
5121.0,293.0
3088.0,293.0
6908.0,293.0
7755.0,293.0
5214.0,293.0
4338.0,293.0
4768.0,293.0
4536.0,293.0
4765.0,293.0
2519.0,292.0
3308.0,292.0
5359.0,292.0
4192.0,292.0
3024.0,292.0
6967.0,291.0
7939.0,291.0
5894.0,291.0
6847.0,291.0
3776.0,291.0
5090.0,291.0
5795.0,291.0
6308.0,291.0
6446.0,290.0
6493.0,290.0
4207.0,290.0
6161.0,290.0
7029.0,290.0
9877.0,290.0
6224.0,290.0
6128.0,290.0
6675.0,290.0
4242.0,290.0
3984.0,290.0
7066.0,290.0
4419.0,290.0
3541.0,290.0
6990.0,290.0
3442.0,289.0
7321.0,289.0
3782.0,289.0
4435.0,289.0
4465.0,289.0
6072.0,289.0
8281.0,288.0
3262.0,288.0
2608.0,288.0
7719.0,287.0
4511.0,287.0
3212.0,287.0
4323.0,287.0
6368.0,287.0
1198.0,287.0
4501.0,287.0
13528.0,287.0
3732.0,286.0
7573.0,286.0
3904.0,286.0
4448.0,286.0
5287.0,286.0
8039.0,286.0
6725.0,286.0
6666.0,286.0
3588.0,285.0
4604.0,285.0
3610.0,285.0
7106.0,285.0
3771.0,285.0
5004.0,285.0
2585.0,284.0
2997.0,284.0
7646.0,284.0
6568.0,284.0
4883.0,284.0
2590.0,284.0
7127.0,283.0
7145.0,283.0
8011.0,283.0
6594.0,283.0
6282.0,283.0
3590.0,283.0
8105.0,283.0
8502.0,282.0
2365.0,282.0
4002.0,282.0
3452.0,282.0
5666.0,282.0
3126.0,282.0
6788.0,282.0
4392.0,282.0
4516.0,282.0
6346.0,282.0
2701.0,282.0
5118.0,282.0
3722.0,282.0
3822.0,282.0
4221.0,281.0
6133.0,281.0
3346.0,281.0
3250.0,281.0
2871.0,281.0
2602.0,281.0
5801.0,281.0
4630.0,280.0
3760.0,280.0
2734.0,279.0
2985.0,279.0
4822.0,279.0
5747.0,279.0
5622.0,279.0
4537.0,279.0
5575.0,278.0
3767.0,278.0
3287.0,278.0
5886.0,277.0
4766.0,277.0
5242.0,277.0
4503.0,277.0
4752.0,277.0
1180.0,277.0
4706.0,276.0
6495.0,276.0
3988.0,276.0
7391.0,276.0
4844.0,276.0
7035.0,275.0
6973.0,275.0
7126.0,275.0
5918.0,275.0
4889.0,275.0
8038.0,275.0
8216.0,275.0
2521.0,275.0
5615.0,275.0
8480.0,275.0
2632.0,275.0
3810.0,275.0
6466.0,274.0
4836.0,274.0
3128.0,274.0
8366.0,274.0
5195.0,274.0
4237.0,274.0
5006.0,274.0
5036.0,274.0
2716.0,274.0
7618.0,273.0
3972.0,273.0
4549.0,273.0
3930.0,273.0
4862.0,273.0
2974.0,273.0
3963.0,273.0
3947.0,273.0
3557.0,273.0
6661.0,273.0
4794.0,273.0
6085.0,272.0
2522.0,272.0
4198.0,272.0
5941.0,272.0
9118.0,272.0
3614.0,271.0
5355.0,271.0
8966.0,271.0
3669.0,271.0
5448.0,271.0
8084.0,271.0
4712.0,271.0
3901.0,271.0
4228.0,271.0
5401.0,271.0
2927.0,271.0
7924.0,270.0
5335.0,270.0
4568.0,270.0
3058.0,270.0
4776.0,270.0
7054.0,270.0
2941.0,270.0
8777.0,270.0
5062.0,270.0
6491.0,269.0
6002.0,269.0
8137.0,269.0
2591.0,269.0
6347.0,269.0
5836.0,269.0
5599.0,269.0
6817.0,268.0
5340.0,268.0
7265.0,268.0
5846.0,268.0
3591.0,268.0
4638.0,268.0
6976.0,267.0
4060.0,267.0
5021.0,267.0
7238.0,267.0
6530.0,267.0
7324.0,267.0
2908.0,267.0
6844.0,267.0
5235.0,267.0
6121.0,267.0
4698.0,267.0
6120.0,266.0
7944.0,266.0
5660.0,266.0
2386.0,266.0
5185.0,266.0
3417.0,266.0
6367.0,266.0
4429.0,265.0
5540.0,265.0
4081.0,265.0
2851.0,265.0
7710.0,265.0
6891.0,265.0
1558.0,265.0
5087.0,265.0
3040.0,265.0
1889.0,265.0
6420.0,265.0
4227.0,265.0
7220.0,265.0
5139.0,265.0
3779.0,264.0
3881.0,264.0
4410.0,264.0
12130.0,264.0
2600.0,263.0
5200.0,263.0
6045.0,263.0
4188.0,263.0
6168.0,263.0
3871.0,263.0
7167.0,263.0
4403.0,263.0
2893.0,263.0
5270.0,263.0
6173.0,263.0
5683.0,263.0
7348.0,263.0
4279.0,263.0
8314.0,262.0
3956.0,262.0
2789.0,262.0
2125.0,262.0
7189.0,262.0
4307.0,262.0
7980.0,261.0
4861.0,261.0
6719.0,261.0
3320.0,261.0
7224.0,261.0
9169.0,261.0
6608.0,261.0
5188.0,261.0
5131.0,261.0
5526.0,261.0
6993.0,261.0
3357.0,260.0
5349.0,260.0
5913.0,260.0
3100.0,260.0
3493.0,260.0
5047.0,259.0
4569.0,259.0
3142.0,259.0
920.0,259.0
1727.0,259.0
5782.0,259.0
2801.0,258.0
4510.0,258.0
4807.0,258.0
3801.0,257.0
8530.0,257.0
6853.0,257.0
8198.0,257.0
7499.0,257.0
5505.0,257.0
4960.0,257.0
4559.0,257.0
2526.0,257.0
3683.0,257.0
6304.0,256.0
6381.0,256.0
4692.0,256.0
5100.0,256.0
3959.0,256.0
6315.0,256.0
7634.0,256.0
2449.0,255.0
2909.0,255.0
5555.0,255.0
3707.0,255.0
8070.0,254.0
4899.0,254.0
2756.0,254.0
7617.0,254.0
7236.0,254.0
5319.0,254.0
6837.0,254.0
4125.0,254.0
5091.0,253.0
4076.0,253.0
5363.0,253.0
6815.0,253.0
5968.0,253.0
3162.0,253.0
5767.0,253.0
10033.0,253.0
6110.0,253.0
6497.0,253.0
6150.0,252.0
5105.0,252.0
4655.0,252.0
2662.0,252.0
3657.0,252.0
4191.0,252.0
5634.0,251.0
3620.0,251.0
9218.0,251.0
7812.0,251.0
5761.0,251.0
4804.0,251.0
4684.0,251.0
3216.0,251.0
3888.0,251.0
2158.0,251.0
5204.0,250.0
4738.0,250.0
2767.0,250.0
6006.0,250.0
3513.0,250.0
2994.0,250.0
4020.0,250.0
7079.0,250.0
8289.0,250.0
2529.0,250.0
5115.0,249.0
3799.0,249.0
5284.0,249.0
4591.0,249.0
2530.0,249.0
6055.0,249.0
6683.0,249.0
5370.0,249.0
6900.0,249.0
3854.0,249.0
9265.0,249.0
5286.0,249.0
2627.0,249.0
2270.0,249.0
3291.0,249.0
4577.0,248.0
5079.0,248.0
5665.0,248.0
7683.0,248.0
3431.0,248.0
5586.0,248.0
6708.0,247.0
6643.0,247.0
5207.0,247.0
4032.0,247.0
4592.0,247.0
3053.0,246.0
7375.0,246.0
8068.0,246.0
2736.0,246.0
7437.0,246.0
7196.0,246.0
4069.0,246.0
3618.0,246.0
2615.0,245.0
5138.0,245.0
3924.0,245.0
3699.0,245.0
7653.0,245.0
6676.0,245.0
4633.0,245.0
6439.0,245.0
4132.0,244.0
3367.0,244.0
2758.0,244.0
3295.0,244.0
4437.0,244.0
5148.0,244.0
4083.0,244.0
3075.0,243.0
3228.0,243.0
3558.0,243.0
4903.0,243.0
6184.0,243.0
9117.0,243.0
6383.0,243.0
3008.0,243.0
4022.0,243.0
5439.0,242.0
7807.0,242.0
3832.0,242.0
6142.0,242.0
6176.0,242.0
4851.0,242.0
1356.0,242.0
10840.0,242.0
7203.0,242.0
4254.0,241.0
3986.0,241.0
5636.0,241.0
5388.0,241.0
6632.0,241.0
3379.0,241.0
3778.0,240.0
4087.0,240.0
2813.0,240.0
4356.0,240.0
4798.0,240.0
3942.0,240.0
4301.0,240.0
4900.0,240.0
5376.0,239.0
6118.0,239.0
3763.0,239.0
4105.0,239.0
2382.0,239.0
5480.0,239.0
3352.0,239.0
7487.0,239.0
8152.0,239.0
3383.0,239.0
3239.0,239.0
5405.0,239.0
5838.0,238.0
5092.0,238.0
3083.0,238.0
6310.0,238.0
3206.0,238.0
4184.0,238.0
7396.0,238.0
6713.0,238.0
6102.0,238.0
7603.0,238.0
3500.0,238.0
3123.0,237.0
6348.0,237.0
6968.0,237.0
4389.0,237.0
3373.0,237.0
4995.0,237.0
5442.0,237.0
3467.0,237.0
2795.0,236.0
6037.0,236.0
9256.0,236.0
4772.0,236.0
5273.0,236.0
5175.0,236.0
6888.0,236.0
8151.0,236.0
2817.0,236.0
4006.0,236.0
2763.0,236.0
5140.0,236.0
5417.0,236.0
6024.0,235.0
6989.0,235.0
5069.0,235.0
7406.0,235.0
3721.0,235.0
2859.0,235.0
6505.0,235.0
3207.0,235.0
7123.0,235.0
4057.0,234.0
4114.0,234.0
3994.0,234.0
4156.0,234.0
6109.0,234.0
2808.0,234.0
5112.0,234.0
4040.0,234.0
1540.0,234.0
6271.0,233.0
7060.0,233.0
4044.0,233.0
8503.0,233.0
1805.0,233.0
3198.0,233.0
3750.0,233.0
3755.0,233.0
2240.0,233.0
2452.0,232.0
4103.0,232.0
3623.0,232.0
3022.0,232.0
3616.0,232.0
1913.0,232.0
4551.0,232.0
3405.0,232.0
2653.0,232.0
9549.0,231.0
5982.0,231.0
5650.0,231.0
2972.0,231.0
3548.0,231.0
5872.0,231.0
6331.0,231.0
6418.0,231.0
8386.0,231.0
10593.0,231.0
5953.0,231.0
3504.0,231.0
3575.0,231.0
7518.0,230.0
2554.0,230.0
3644.0,230.0
5743.0,230.0
2966.0,230.0
3858.0,230.0
3362.0,230.0
4412.0,230.0
3646.0,230.0
4476.0,229.0
9303.0,229.0
6742.0,229.0
2491.0,229.0
7118.0,229.0
5842.0,229.0
5724.0,229.0
7334.0,229.0
6778.0,229.0
3226.0,229.0
6750.0,229.0
7966.0,229.0
6334.0,228.0
4186.0,228.0
3737.0,228.0
5805.0,228.0
6395.0,228.0
4646.0,228.0
2330.0,227.0
4009.0,227.0
4050.0,227.0
4273.0,227.0
4322.0,227.0
4641.0,227.0
6018.0,227.0
3667.0,227.0
3495.0,227.0
3625.0,227.0
5342.0,227.0
3935.0,227.0
7462.0,226.0
4616.0,226.0
2057.0,226.0
5841.0,226.0
3333.0,226.0
6234.0,226.0
3916.0,226.0
2743.0,226.0
2874.0,226.0
10063.0,226.0
6798.0,226.0
6300.0,226.0
4318.0,226.0
7567.0,226.0
5847.0,226.0
5981.0,226.0
3689.0,225.0
3518.0,225.0
4443.0,225.0
1441.0,225.0
2322.0,225.0
7205.0,225.0
4909.0,225.0
3244.0,225.0
4203.0,225.0
1890.0,225.0
3690.0,225.0
2464.0,224.0
5110.0,224.0
5311.0,224.0
2572.0,224.0
5951.0,223.0
7147.0,223.0
2968.0,223.0
2453.0,223.0
3051.0,223.0
2141.0,223.0
3140.0,223.0
4213.0,223.0
1783.0,222.0
7486.0,222.0
5336.0,222.0
4595.0,222.0
2043.0,222.0
8083.0,222.0
3787.0,221.0
9197.0,221.0
4088.0,221.0
6231.0,221.0
5248.0,221.0
6672.0,220.0
2945.0,220.0
5039.0,220.0
6618.0,220.0
7548.0,220.0
2692.0,220.0
6250.0,220.0
4703.0,219.0
5351.0,219.0
4275.0,219.0
4982.0,219.0
4328.0,219.0
3321.0,219.0
3537.0,219.0
3172.0,219.0
6854.0,219.0
3957.0,219.0
4830.0,219.0
3538.0,218.0
6086.0,218.0
4567.0,218.0
3844.0,218.0
3955.0,218.0
2545.0,218.0
1903.0,218.0
5245.0,218.0
6931.0,218.0
7279.0,218.0
5071.0,218.0
2395.0,217.0
2990.0,217.0
2403.0,217.0
8521.0,217.0
3360.0,217.0
4688.0,217.0
3608.0,216.0
4759.0,216.0
5973.0,216.0
5773.0,216.0
2432.0,216.0
5385.0,216.0
2656.0,216.0
7085.0,216.0
4324.0,216.0
2454.0,216.0
4969.0,215.0
3791.0,215.0
9106.0,215.0
8938.0,215.0
3995.0,215.0
2915.0,215.0
7159.0,215.0
5974.0,214.0
4529.0,214.0
2829.0,214.0
5390.0,214.0
2850.0,214.0
5007.0,214.0
4938.0,214.0
1521.0,214.0
7059.0,213.0
6186.0,213.0
6819.0,213.0
8383.0,213.0
8007.0,213.0
4518.0,213.0
3165.0,213.0
4519.0,213.0
5948.0,212.0
7724.0,212.0
3719.0,212.0
3993.0,212.0
3469.0,212.0
3714.0,212.0
7433.0,211.0
5983.0,211.0
8699.0,211.0
6303.0,211.0
7001.0,211.0
2230.0,211.0
3713.0,210.0
6577.0,210.0
6212.0,210.0
6235.0,210.0
7038.0,210.0
6190.0,210.0
5289.0,209.0
5258.0,209.0
2195.0,209.0
4355.0,209.0
3498.0,209.0
6986.0,209.0
1673.0,209.0
5498.0,208.0
3363.0,208.0
3023.0,208.0
2148.0,208.0
6227.0,208.0
8227.0,208.0
6057.0,208.0
6223.0,208.0
5812.0,208.0
4008.0,208.0
5441.0,208.0
7871.0,207.0
4222.0,207.0
2389.0,207.0
2931.0,207.0
4961.0,207.0
3301.0,206.0
3461.0,206.0
5682.0,206.0
2269.0,206.0
5676.0,206.0
3964.0,206.0
1885.0,206.0
5627.0,206.0
2150.0,206.0
4099.0,206.0
3706.0,205.0
3449.0,205.0
8283.0,205.0
4236.0,205.0
3687.0,205.0
6103.0,205.0
3273.0,205.0
2887.0,205.0
2661.0,205.0
4005.0,205.0
5334.0,204.0
2948.0,204.0
4575.0,204.0
4276.0,204.0
2992.0,204.0
6800.0,204.0
7187.0,204.0
3640.0,204.0
5732.0,203.0
3387.0,203.0
7022.0,203.0
3338.0,203.0
3329.0,203.0
5324.0,202.0
2068.0,202.0
6627.0,202.0
3639.0,202.0
4107.0,202.0
6806.0,202.0
3204.0,201.0
2561.0,201.0
6596.0,201.0
2243.0,201.0
2688.0,201.0
6529.0,201.0
3176.0,201.0
2732.0,201.0
3846.0,200.0
7679.0,200.0
7987.0,200.0
7283.0,200.0
3211.0,200.0
2864.0,200.0
3233.0,200.0
6768.0,200.0
8620.0,200.0
4025.0,200.0
4597.0,199.0
3399.0,199.0
2640.0,199.0
6877.0,199.0
5698.0,199.0
3785.0,199.0
3049.0,199.0
2953.0,199.0
5869.0,198.0
6332.0,198.0
5620.0,198.0
2034.0,198.0
4086.0,198.0
2346.0,198.0
5277.0,198.0
4522.0,197.0
3189.0,197.0
3829.0,197.0
5952.0,197.0
3112.0,197.0
3913.0,196.0
2276.0,196.0
4763.0,196.0
8691.0,196.0
6010.0,196.0
4946.0,196.0
2937.0,196.0
6917.0,196.0
4694.0,196.0
3609.0,196.0
3638.0,196.0
4204.0,196.0
3663.0,196.0
6611.0,196.0
3765.0,195.0
2855.0,195.0
7030.0,195.0
8778.0,195.0
4112.0,195.0
7775.0,195.0
4933.0,194.0
7045.0,194.0
3788.0,194.0
6879.0,194.0
7956.0,194.0
2577.0,194.0
4368.0,194.0
4659.0,193.0
2849.0,193.0
2507.0,193.0
7696.0,193.0
2465.0,193.0
2472.0,193.0
4135.0,193.0
6050.0,193.0
3675.0,192.0
6276.0,192.0
3166.0,192.0
2812.0,192.0
2921.0,192.0
4329.0,192.0
2605.0,192.0
3807.0,192.0
4232.0,192.0
8472.0,192.0
2304.0,192.0
2807.0,191.0
4375.0,191.0
1766.0,191.0
2234.0,191.0
4104.0,190.0
3113.0,190.0
2961.0,190.0
4122.0,190.0
5369.0,190.0
4120.0,190.0
6035.0,190.0
4953.0,190.0
2973.0,190.0
4072.0,189.0
3556.0,189.0
3862.0,189.0
2500.0,189.0
3215.0,189.0
6000.0,189.0
6440.0,189.0
4209.0,189.0
5758.0,189.0
7626.0,189.0
3436.0,189.0
2751.0,189.0
2952.0,188.0
4278.0,188.0
2993.0,188.0
1187.0,188.0
6858.0,188.0
3114.0,188.0
3717.0,188.0
1489.0,188.0
4331.0,188.0
3601.0,188.0
3929.0,188.0
5408.0,187.0
6734.0,187.0
4142.0,187.0
5378.0,187.0
2533.0,187.0
3808.0,187.0
2229.0,187.0
1747.0,187.0
2698.0,187.0
6238.0,187.0
5384.0,186.0
6865.0,186.0
5427.0,186.0
3769.0,186.0
3836.0,186.0
5075.0,186.0
6040.0,186.0
5835.0,186.0
5896.0,186.0
3463.0,186.0
2715.0,186.0
7390.0,186.0
1554.0,185.0
2844.0,185.0
4417.0,185.0
4956.0,185.0
1905.0,185.0
3990.0,185.0
3739.0,185.0
5687.0,185.0
7016.0,184.0
6752.0,184.0
5925.0,184.0
7763.0,184.0
5966.0,184.0
3724.0,184.0
5820.0,184.0
6113.0,183.0
2649.0,183.0
4474.0,183.0
2742.0,183.0
3941.0,183.0
7884.0,183.0
8782.0,182.0
6450.0,182.0
3581.0,182.0
5241.0,182.0
4488.0,182.0
5472.0,182.0
7741.0,182.0
7234.0,182.0
3238.0,182.0
2480.0,182.0
8128.0,182.0
1549.0,182.0
6135.0,181.0
414.0,181.0
4214.0,181.0
6056.0,181.0
2406.0,181.0
2200.0,181.0
3472.0,181.0
7996.0,180.0
1942.0,180.0
5366.0,180.0
1387.0,180.0
2938.0,180.0
4238.0,180.0
2744.0,180.0
4052.0,180.0
4031.0,180.0
3849.0,180.0
2335.0,179.0
7246.0,179.0
4440.0,179.0
2489.0,179.0
4781.0,179.0
5817.0,179.0
1725.0,179.0
2714.0,179.0
3318.0,178.0
5167.0,178.0
2875.0,178.0
4058.0,178.0
5191.0,178.0
5281.0,178.0
4288.0,178.0
6916.0,177.0
4484.0,177.0
2731.0,177.0
2597.0,177.0
2791.0,177.0
3375.0,177.0
2538.0,177.0
8155.0,177.0
6043.0,177.0
4063.0,177.0
7887.0,177.0
4489.0,176.0
6182.0,176.0
4486.0,176.0
6222.0,176.0
5552.0,176.0
2006.0,176.0
2798.0,176.0
4283.0,176.0
6071.0,176.0
2164.0,176.0
4416.0,176.0
2939.0,176.0
3470.0,175.0
4424.0,175.0
2749.0,175.0
9045.0,175.0
5290.0,175.0
2772.0,175.0
3016.0,175.0
3076.0,175.0
5380.0,175.0
3420.0,175.0
2963.0,175.0
4270.0,175.0
3093.0,175.0
4515.0,175.0
1124.0,174.0
6287.0,174.0
7378.0,174.0
5252.0,174.0
3960.0,174.0
2547.0,174.0
6785.0,174.0
6617.0,173.0
3390.0,173.0
4023.0,173.0
1931.0,173.0
4284.0,173.0
2379.0,173.0
2190.0,173.0
3561.0,173.0
4479.0,173.0
2755.0,173.0
2274.0,173.0
6727.0,172.0
2303.0,172.0
1677.0,172.0
2646.0,172.0
5882.0,172.0
5810.0,172.0
5094.0,171.0
6273.0,171.0
6264.0,171.0
5057.0,171.0
6064.0,171.0
2820.0,171.0
6548.0,171.0
2625.0,170.0
3079.0,170.0
7746.0,170.0
2930.0,170.0
3576.0,170.0
4650.0,170.0
1823.0,170.0
3104.0,170.0
2046.0,170.0
4811.0,170.0
2339.0,170.0
9585.0,170.0
3304.0,170.0
3017.0,170.0
1614.0,170.0
4190.0,170.0
2573.0,169.0
4755.0,169.0
3129.0,169.0
3695.0,169.0
7436.0,169.0
6325.0,169.0
6534.0,169.0
5719.0,169.0
3003.0,169.0
3135.0,169.0
2831.0,169.0
7280.0,169.0
4841.0,169.0
8232.0,168.0
2575.0,168.0
4250.0,168.0
3385.0,168.0
5866.0,168.0
3680.0,168.0
5748.0,168.0
3002.0,167.0
2624.0,167.0
2853.0,167.0
2823.0,167.0
7709.0,167.0
3738.0,167.0
6604.0,167.0
3566.0,167.0
7206.0,166.0
1764.0,166.0
6062.0,166.0
2203.0,166.0
5900.0,166.0
3353.0,166.0
2936.0,166.0
7418.0,166.0
7918.0,166.0
2341.0,165.0
3793.0,165.0
2390.0,165.0
2287.0,165.0
2695.0,165.0
4962.0,165.0
5163.0,165.0
2217.0,165.0
2882.0,165.0
3437.0,165.0
6914.0,165.0
6520.0,165.0
5440.0,165.0
4350.0,165.0
8180.0,165.0
2867.0,164.0
3949.0,164.0
4806.0,164.0
6407.0,164.0
3971.0,164.0
3531.0,164.0
6028.0,164.0
1763.0,164.0
1793.0,163.0
3686.0,163.0
4348.0,163.0
8404.0,163.0
2549.0,163.0
5499.0,163.0
2623.0,163.0
4654.0,163.0
4164.0,163.0
4445.0,163.0
4102.0,162.0
2629.0,162.0
3526.0,162.0
6784.0,162.0
5798.0,162.0
3774.0,162.0
6366.0,162.0
2499.0,162.0
4696.0,162.0
3108.0,161.0
7259.0,161.0
7730.0,161.0
3382.0,161.0
6111.0,161.0
2342.0,161.0
3227.0,161.0
2741.0,160.0
6950.0,160.0
3010.0,160.0
3940.0,160.0
4364.0,160.0
3025.0,160.0
7339.0,160.0
3359.0,159.0
2764.0,159.0
6431.0,159.0
3480.0,159.0
5234.0,159.0
3752.0,159.0
3747.0,159.0
3271.0,159.0
4299.0,159.0
5066.0,159.0
3159.0,159.0
2184.0,159.0
6652.0,159.0
2912.0,158.0
2539.0,158.0
8970.0,158.0
5084.0,158.0
2869.0,158.0
6886.0,158.0
7729.0,158.0
4371.0,158.0
2842.0,158.0
5326.0,158.0
6739.0,158.0
4182.0,158.0
4310.0,158.0
6333.0,157.0
4996.0,157.0
2366.0,157.0
7021.0,157.0
5779.0,157.0
4468.0,157.0
4538.0,157.0
3975.0,157.0
5822.0,157.0
2072.0,157.0
5559.0,156.0
5209.0,156.0
2383.0,156.0
5373.0,156.0
2694.0,156.0
5143.0,156.0
2989.0,156.0
3150.0,156.0
5551.0,155.0
2730.0,155.0
7900.0,155.0
667.0,155.0
2800.0,154.0
1902.0,154.0
8629.0,154.0
2445.0,154.0
4976.0,154.0
7077.0,154.0
2266.0,154.0
3731.0,154.0
7623.0,154.0
2996.0,154.0
4138.0,154.0
3203.0,154.0
1795.0,154.0
2473.0,154.0
3568.0,153.0
5825.0,153.0
5314.0,153.0
2809.0,153.0
3086.0,153.0
3973.0,153.0
7566.0,153.0
3069.0,153.0
3519.0,152.0
7471.0,152.0
6242.0,152.0
4534.0,152.0
4461.0,152.0
2042.0,152.0
2012.0,152.0
3381.0,152.0
3174.0,152.0
1718.0,151.0
2363.0,151.0
6589.0,151.0
6549.0,151.0
5940.0,151.0
4490.0,150.0
4343.0,150.0
5863.0,150.0
3841.0,150.0
1994.0,150.0
6669.0,150.0
3622.0,150.0
4172.0,150.0
3444.0,150.0
3009.0,149.0
4649.0,149.0
3933.0,149.0
6138.0,149.0
8526.0,149.0
3391.0,149.0
6692.0,149.0
4810.0,149.0
4423.0,149.0
2361.0,149.0
2586.0,148.0
9412.0,148.0
6141.0,148.0
2460.0,148.0
4571.0,148.0
2504.0,147.0
6963.0,147.0
2340.0,147.0
2516.0,147.0
6502.0,147.0
7974.0,147.0
1850.0,147.0
3073.0,147.0
2213.0,147.0
2787.0,146.0
487.0,146.0
3786.0,146.0
2977.0,146.0
3036.0,146.0
6755.0,146.0
7256.0,146.0
4990.0,146.0
3886.0,146.0
1077.0,146.0
1939.0,146.0
3688.0,146.0
2967.0,146.0
3252.0,146.0
2075.0,145.0
5695.0,145.0
2592.0,145.0
2891.0,145.0
7046.0,145.0
5879.0,145.0
2565.0,145.0
4678.0,145.0
2137.0,145.0
1661.0,145.0
6266.0,145.0
2370.0,145.0
5031.0,145.0
3826.0,144.0
2159.0,144.0
7711.0,144.0
4507.0,144.0
3634.0,144.0
5525.0,144.0
8246.0,144.0
3694.0,144.0
5467.0,144.0
4737.0,144.0
2710.0,144.0
4220.0,144.0
5367.0,144.0
7549.0,144.0
7132.0,144.0
2833.0,144.0
5727.0,144.0
5487.0,143.0
2431.0,143.0
4693.0,143.0
3875.0,143.0
3668.0,143.0
4565.0,143.0
2092.0,143.0
2884.0,143.0
1964.0,143.0
2328.0,143.0
3838.0,143.0
6647.0,142.0
1888.0,142.0
2142.0,142.0
2223.0,142.0
2264.0,142.0
5775.0,142.0
3951.0,142.0
5428.0,141.0
3251.0,141.0
4267.0,141.0
8555.0,141.0
5943.0,141.0
4499.0,141.0
2513.0,141.0
2802.0,141.0
4354.0,141.0
2089.0,141.0
3656.0,141.0
3863.0,141.0
7922.0,140.0
3275.0,140.0
5493.0,140.0
2639.0,140.0
2914.0,140.0
5280.0,139.0
1577.0,139.0
1602.0,139.0
3032.0,139.0
3898.0,139.0
5308.0,139.0
4362.0,139.0
6932.0,139.0
3462.0,139.0
2680.0,139.0
7028.0,139.0
1633.0,138.0
2628.0,138.0
8727.0,138.0
3347.0,138.0
5147.0,138.0
1218.0,138.0
5072.0,138.0
6964.0,138.0
2145.0,138.0
2980.0,137.0
4757.0,137.0
3535.0,137.0
4814.0,137.0
2635.0,137.0
3208.0,137.0
2951.0,137.0
2860.0,137.0
2873.0,137.0
5460.0,137.0
2073.0,137.0
9194.0,137.0
3897.0,137.0
6789.0,137.0
3809.0,137.0
5631.0,137.0
5454.0,137.0
3335.0,137.0
2671.0,136.0
2644.0,136.0
4868.0,136.0
4594.0,136.0
5475.0,136.0
5689.0,136.0
2459.0,136.0
2027.0,136.0
4467.0,135.0
1958.0,135.0
3828.0,135.0
5085.0,135.0
5564.0,135.0
2690.0,135.0
3435.0,135.0
5101.0,135.0
5432.0,135.0
2224.0,134.0
2865.0,134.0
3524.0,134.0
2925.0,134.0
5217.0,134.0
5998.0,134.0
2986.0,134.0
3313.0,133.0
4964.0,133.0
6374.0,133.0
2705.0,133.0
4614.0,133.0
4940.0,133.0
6555.0,133.0
6098.0,133.0
2648.0,133.0
3497.0,132.0
5566.0,132.0
3292.0,132.0
7208.0,132.0
3570.0,132.0
4079.0,132.0
2558.0,132.0
1582.0,131.0
2546.0,131.0
6679.0,131.0
2885.0,131.0
3834.0,131.0
5686.0,131.0
2457.0,131.0
2177.0,131.0
3316.0,131.0
3202.0,131.0
3563.0,130.0
4281.0,130.0
5421.0,130.0
6370.0,130.0
1595.0,130.0
3277.0,130.0
7181.0,130.0
4690.0,130.0
4849.0,130.0
3440.0,130.0
2620.0,130.0
5416.0,130.0
5268.0,129.0
7240.0,129.0
2740.0,129.0
5705.0,129.0
1314.0,129.0
5611.0,129.0
2982.0,129.0
4731.0,129.0
3843.0,129.0
3520.0,129.0
4373.0,129.0
6901.0,129.0
6551.0,129.0
5976.0,129.0
1603.0,128.0
2121.0,128.0
8407.0,128.0
4695.0,128.0
3696.0,128.0
4869.0,128.0
3046.0,128.0
3118.0,128.0
3314.0,128.0
4157.0,128.0
3693.0,128.0
2720.0,127.0
5736.0,127.0
2911.0,127.0
3711.0,127.0
4773.0,127.0
2372.0,127.0
9200.0,127.0
3193.0,127.0
3249.0,127.0
3543.0,127.0
5572.0,127.0
4226.0,127.0
8161.0,127.0
5904.0,127.0
5557.0,126.0
5134.0,126.0
2087.0,126.0
3642.0,126.0
4971.0,126.0
4580.0,126.0
6101.0,126.0
1869.0,126.0
3311.0,126.0
9933.0,126.0
2134.0,126.0
4165.0,126.0
3905.0,125.0
1544.0,125.0
4573.0,125.0
4619.0,125.0
2211.0,125.0
3659.0,125.0
3006.0,124.0
4997.0,124.0
2194.0,124.0
5715.0,124.0
2414.0,124.0
8869.0,124.0
7743.0,124.0
4670.0,124.0
3106.0,124.0
4631.0,123.0
3119.0,123.0
3453.0,123.0
6248.0,123.0
3339.0,123.0
1475.0,123.0
3167.0,122.0
4462.0,122.0
2506.0,122.0
5294.0,122.0
4660.0,122.0
2613.0,122.0
2896.0,121.0
2723.0,121.0
3583.0,121.0
2604.0,121.0
7094.0,121.0
3733.0,121.0
2890.0,121.0
3585.0,121.0
2425.0,121.0
8329.0,121.0
3132.0,121.0
2595.0,121.0
5914.0,120.0
4026.0,120.0
6974.0,120.0
1524.0,120.0
4687.0,120.0
4719.0,120.0
1460.0,120.0
5013.0,119.0
7381.0,119.0
3691.0,119.0
2393.0,119.0
2430.0,119.0
2781.0,119.0
2683.0,118.0
2253.0,118.0
4036.0,118.0
4943.0,118.0
4959.0,118.0
4160.0,118.0
6355.0,118.0
2676.0,118.0
1776.0,118.0
5052.0,118.0
5608.0,117.0
6283.0,117.0
2771.0,117.0
2571.0,117.0
3922.0,117.0
4066.0,117.0
6073.0,117.0
7454.0,117.0
6295.0,117.0
1831.0,117.0
3020.0,117.0
2231.0,117.0
2583.0,117.0
9969.0,117.0
4622.0,117.0
1484.0,116.0
3547.0,116.0
3317.0,116.0
2949.0,116.0
5893.0,116.0
2918.0,116.0
4949.0,116.0
3077.0,116.0
6369.0,116.0
2212.0,115.0
2738.0,115.0
5194.0,115.0
2979.0,115.0
2255.0,115.0
3214.0,115.0
2135.0,115.0
8894.0,115.0
3594.0,115.0
4867.0,115.0
3406.0,115.0
2778.0,115.0
3895.0,115.0
4887.0,115.0
2048.0,114.0
7616.0,114.0
4175.0,114.0
6923.0,114.0
4247.0,114.0
4129.0,114.0
7561.0,114.0
2297.0,114.0
5808.0,114.0
1788.0,114.0
4141.0,114.0
5788.0,113.0
3567.0,113.0
2821.0,113.0
3525.0,113.0
6598.0,113.0
2785.0,113.0
3074.0,113.0
1997.0,113.0
1641.0,113.0
2257.0,112.0
2642.0,112.0
2165.0,112.0
3101.0,112.0
2708.0,112.0
4013.0,112.0
2920.0,112.0
5098.0,112.0
5172.0,111.0
3259.0,111.0
3168.0,111.0
5959.0,111.0
4525.0,111.0
4433.0,111.0
5025.0,110.0
2227.0,110.0
5793.0,110.0
3430.0,110.0
5305.0,110.0
2219.0,110.0
5300.0,110.0
2355.0,110.0
3341.0,109.0
4730.0,109.0
4855.0,109.0
4070.0,109.0
4967.0,109.0
2016.0,109.0
1982.0,109.0
6211.0,109.0
2779.0,109.0
695.0,109.0
2139.0,109.0
3186.0,108.0
1956.0,108.0
8256.0,108.0
657.0,108.0
5629.0,108.0
2055.0,108.0
3064.0,108.0
4149.0,108.0
1703.0,108.0
6946.0,108.0
3133.0,107.0
2978.0,107.0
2596.0,107.0
5141.0,107.0
5282.0,107.0
2514.0,107.0
4764.0,107.0
2101.0,107.0
1399.0,107.0
2245.0,107.0
2232.0,106.0
1761.0,106.0
2242.0,106.0
7641.0,106.0
3164.0,106.0
2658.0,106.0
7874.0,106.0
2261.0,106.0
3285.0,106.0
2100.0,106.0
906.0,106.0
2509.0,106.0
2660.0,106.0
2201.0,105.0
4253.0,105.0
3562.0,105.0
2045.0,105.0
14971.0,105.0
5955.0,104.0
2265.0,104.0
5117.0,104.0
4193.0,104.0
2381.0,104.0
2419.0,104.0
2272.0,104.0
6943.0,104.0
2106.0,104.0
5759.0,104.0
3605.0,104.0
7725.0,104.0
4808.0,104.0
5543.0,104.0
3934.0,104.0
3309.0,104.0
3173.0,103.0
2030.0,103.0
3564.0,103.0
1820.0,103.0
1470.0,103.0
4458.0,103.0
2819.0,103.0
3582.0,103.0
5043.0,103.0
6792.0,103.0
1983.0,103.0
4287.0,103.0
1974.0,102.0
3840.0,102.0
3684.0,102.0
2069.0,102.0
2056.0,102.0
5253.0,102.0
2345.0,102.0
3045.0,102.0
7000.0,102.0
8464.0,101.0
5856.0,101.0
4527.0,101.0
3596.0,101.0
1951.0,101.0
1893.0,101.0
3880.0,101.0
2840.0,101.0
2133.0,101.0
3981.0,100.0
2091.0,100.0
1860.0,100.0
3155.0,100.0
1561.0,100.0
2919.0,100.0
7169.0,100.0
1906.0,100.0
1407.0,100.0
3552.0,100.0
6522.0,100.0
1665.0,100.0
2580.0,99.0
2845.0,99.0
2401.0,99.0
2420.0,99.0
7257.0,99.0
4611.0,99.0
2856.0,99.0
6373.0,98.0
7664.0,98.0
6754.0,98.0
2005.0,98.0
1772.0,98.0
2818.0,98.0
4582.0,98.0
2084.0,98.0
2113.0,98.0
5772.0,97.0
1631.0,97.0
1004.0,97.0
5828.0,97.0
5469.0,97.0
2216.0,97.0
1131.0,97.0
2797.0,96.0
3569.0,96.0
2054.0,96.0
2003.0,96.0
3571.0,96.0
2515.0,95.0
2373.0,95.0
1960.0,95.0
6319.0,95.0
1598.0,95.0
3889.0,95.0
3294.0,95.0
3078.0,95.0
2892.0,95.0
2147.0,95.0
7018.0,95.0
5652.0,95.0
2244.0,94.0
3700.0,94.0
4970.0,93.0
1877.0,93.0
2906.0,93.0
2305.0,93.0
4255.0,93.0
2584.0,92.0
2435.0,92.0
4876.0,92.0
1512.0,92.0
2008.0,92.0
5423.0,91.0
6175.0,91.0
2828.0,91.0
2104.0,91.0
4265.0,91.0
3818.0,91.0
1362.0,91.0
2422.0,91.0
5703.0,91.0
1446.0,90.0
5722.0,90.0
4399.0,90.0
2587.0,90.0
3235.0,90.0
5262.0,90.0
5231.0,90.0
2825.0,90.0
2540.0,89.0
1451.0,89.0
3507.0,89.0
3325.0,89.0
5347.0,89.0
973.0,89.0
2940.0,89.0
2233.0,89.0
2568.0,89.0
4378.0,88.0
4750.0,88.0
1879.0,88.0
2063.0,88.0
2681.0,88.0
3041.0,88.0
2721.0,88.0
1743.0,88.0
3424.0,88.0
5089.0,88.0
3097.0,88.0
874.0,87.0
5008.0,87.0
5429.0,87.0
4234.0,87.0
4648.0,86.0
2663.0,86.0
1987.0,86.0
4535.0,86.0
975.0,86.0
5888.0,86.0
3920.0,86.0
5862.0,86.0
1581.0,86.0
2805.0,86.0
3052.0,85.0
3744.0,85.0
5529.0,85.0
7794.0,85.0
5002.0,85.0
6172.0,85.0
4143.0,85.0
2733.0,85.0
2880.0,85.0
4028.0,85.0
4277.0,84.0
2278.0,84.0
2636.0,84.0
9289.0,84.0
6386.0,84.0
3577.0,84.0
1447.0,84.0
2745.0,84.0
5296.0,84.0
2250.0,84.0
1101.0,84.0
4735.0,83.0
1966.0,83.0
1277.0,83.0
3457.0,83.0
4053.0,83.0
5320.0,82.0
4252.0,82.0
3156.0,82.0
2277.0,82.0
2677.0,82.0
7798.0,82.0
2611.0,82.0
1731.0,81.0
3063.0,81.0
3015.0,81.0
9454.0,81.0
6008.0,81.0
600.0,81.0
3012.0,80.0
5107.0,80.0
2704.0,80.0
2913.0,80.0
2268.0,79.0
2000.0,79.0
3217.0,79.0
6765.0,79.0
4051.0,79.0
1542.0,79.0
2353.0,79.0
2958.0,79.0
2275.0,79.0
4915.0,78.0
4259.0,78.0
7254.0,78.0
1693.0,78.0
3393.0,78.0
3131.0,78.0
1474.0,78.0
5444.0,78.0
2719.0,77.0
2470.0,77.0
2400.0,77.0
2409.0,77.0
2582.0,77.0
2816.0,77.0
3151.0,77.0
4911.0,77.0
8491.0,76.0
3698.0,76.0
3528.0,76.0
1621.0,76.0
2434.0,76.0
2782.0,76.0
1880.0,76.0
4640.0,75.0
8427.0,75.0
5494.0,75.0
1782.0,75.0
3218.0,75.0
3004.0,75.0
1486.0,75.0
1123.0,75.0
5874.0,75.0
4895.0,74.0
5481.0,74.0
3283.0,73.0
3138.0,73.0
1241.0,73.0
1845.0,73.0
3266.0,73.0
16565.0,73.0
913.0,73.0
1933.0,73.0
1526.0,73.0
1689.0,73.0
4243.0,72.0
3332.0,72.0
1814.0,72.0
1064.0,72.0
3716.0,72.0
4012.0,71.0
3281.0,71.0
5165.0,71.0
1957.0,70.0
4874.0,70.0
7950.0,70.0
1947.0,70.0
4381.0,70.0
2693.0,70.0
6112.0,69.0
2589.0,69.0
6838.0,69.0
4315.0,69.0
5304.0,68.0
1418.0,68.0
4914.0,68.0
5479.0,68.0
2031.0,68.0
6344.0,67.0
3730.0,67.0
3869.0,67.0
5829.0,67.0
2773.0,67.0
2204.0,67.0
2792.0,67.0
5744.0,67.0
3476.0,67.0
4447.0,66.0
4701.0,66.0
2128.0,66.0
2316.0,66.0
3796.0,66.0
3800.0,66.0
3508.0,65.0
2581.0,65.0
3636.0,65.0
3130.0,65.0
6951.0,65.0
2061.0,65.0
5042.0,65.0
2044.0,65.0
6780.0,65.0
1320.0,65.0
1448.0,65.0
2288.0,65.0
1529.0,64.0
1984.0,64.0
2685.0,64.0
2588.0,63.0
1593.0,63.0
3039.0,63.0
2410.0,63.0
2737.0,63.0
3705.0,63.0
4077.0,63.0
1416.0,63.0
5168.0,62.0
1039.0,62.0
2364.0,62.0
6201.0,62.0
1882.0,62.0
2313.0,62.0
4989.0,62.0
2621.0,62.0
2578.0,62.0
2298.0,62.0
4882.0,61.0
2630.0,61.0
2482.0,61.0
963.0,61.0
3677.0,60.0
1019.0,60.0
6455.0,60.0
2351.0,60.0
2326.0,60.0
3624.0,60.0
1756.0,60.0
3908.0,60.0
3210.0,60.0
2747.0,60.0
1426.0,59.0
1978.0,59.0
5818.0,59.0
2338.0,59.0
4374.0,59.0
3163.0,58.0
1952.0,58.0
3402.0,58.0
3169.0,58.0
2510.0,58.0
2440.0,57.0
3237.0,57.0
2375.0,57.0
2777.0,57.0
2477.0,57.0
2143.0,57.0
1597.0,56.0
4878.0,56.0
3473.0,56.0
1918.0,56.0
2173.0,56.0
1438.0,56.0
1815.0,56.0
1058.0,55.0
2651.0,55.0
2398.0,55.0
2412.0,55.0
1545.0,55.0
3027.0,55.0
2815.0,54.0
2179.0,54.0
2307.0,54.0
6984.0,54.0
3712.0,54.0
1400.0,54.0
1635.0,54.0
2487.0,54.0
5183.0,54.0
2518.0,54.0
1859.0,53.0
2387.0,53.0
6145.0,53.0
3745.0,53.0
9279.0,53.0
2258.0,53.0
1378.0,53.0
948.0,53.0
2576.0,52.0
2670.0,52.0
2784.0,52.0
1535.0,52.0
2488.0,52.0
2086.0,52.0
2144.0,52.0
1539.0,51.0
1668.0,51.0
3885.0,51.0
1360.0,51.0
1922.0,51.0
7197.0,51.0
2129.0,51.0
2848.0,51.0
938.0,51.0
4584.0,51.0
2292.0,51.0
1481.0,50.0
1672.0,50.0
2120.0,50.0
2291.0,50.0
2907.0,50.0
3090.0,49.0
1866.0,49.0
2427.0,49.0
2442.0,49.0
3082.0,48.0
1012.0,48.0
873.0,48.0
2750.0,48.0
6208.0,48.0
999.0,48.0
1681.0,48.0
8797.0,48.0
2377.0,47.0
2178.0,47.0
9918.0,47.0
961.0,47.0
4689.0,47.0
4261.0,46.0
3368.0,46.0
1509.0,46.0
1051.0,46.0
5506.0,46.0
3661.0,46.0
3055.0,45.0
1865.0,45.0
2004.0,45.0
1841.0,45.0
2570.0,45.0
2082.0,44.0
1463.0,44.0
2193.0,44.0
2614.0,44.0
3255.0,44.0
2497.0,43.0
1875.0,43.0
441.0,43.0
2512.0,43.0
2334.0,43.0
3105.0,43.0
1333.0,43.0
5762.0,43.0
1408.0,42.0
2426.0,42.0
1398.0,42.0
2011.0,41.0
4602.0,41.0
1907.0,41.0
3682.0,41.0
475.0,41.0
3989.0,41.0
5997.0,41.0
1897.0,41.0
1057.0,41.0
2321.0,41.0
4073.0,40.0
2037.0,40.0
1272.0,40.0
3604.0,40.0
3268.0,40.0
1812.0,40.0
2876.0,40.0
3276.0,40.0
574.0,40.0
1696.0,40.0
853.0,39.0
1450.0,39.0
1536.0,39.0
2619.0,39.0
3522.0,39.0
3054.0,38.0
2218.0,38.0
2700.0,38.0
2152.0,38.0
2001.0,38.0
2035.0,37.0
2405.0,37.0
3184.0,37.0
3434.0,37.0
1280.0,37.0
7477.0,37.0
2775.0,36.0
4590.0,36.0
1821.0,36.0
2922.0,36.0
1702.0,36.0
3672.0,36.0
1294.0,36.0
4558.0,35.0
2932.0,35.0
1383.0,34.0
1648.0,34.0
6580.0,34.0
4196.0,34.0
1472.0,33.0
2140.0,33.0
1972.0,33.0
1453.0,33.0
3377.0,33.0
7478.0,32.0
789.0,32.0
691.0,32.0
2260.0,32.0
1606.0,31.0
1516.0,31.0
1518.0,31.0
5077.0,31.0
3742.0,31.0
1078.0,31.0
2475.0,31.0
1573.0,31.0
1200.0,30.0
3297.0,30.0
3704.0,29.0
2727.0,29.0
851.0,29.0
2289.0,29.0
1575.0,29.0
869.0,28.0
5716.0,28.0
2070.0,28.0
1555.0,27.0
3183.0,27.0
1116.0,27.0
2447.0,27.0
2793.0,26.0
1409.0,26.0
2790.0,26.0
1813.0,26.0
1653.0,25.0
3879.0,25.0
3665.0,25.0
2021.0,24.0
1822.0,24.0
1912.0,24.0
3408.0,24.0
3584.0,23.0
5068.0,23.0
2505.0,23.0
2197.0,22.0
1304.0,22.0
377.0,22.0
738.0,22.0
1915.0,22.0
1349.0,21.0
2421.0,21.0
7211.0,21.0
1634.0,21.0
2455.0,21.0
3589.0,21.0
3031.0,21.0
2462.0,20.0
93.0,20.0
188.0,20.0
3648.0,19.0
2151.0,19.0
2399.0,19.0
2095.0,18.0
2077.0,17.0
2532.0,17.0
2294.0,17.0
375.0,16.0
1017.0,16.0
1169.0,16.0
2448.0,16.0
1728.0,16.0
905.0,16.0
2788.0,16.0
3728.0,15.0
3127.0,15.0
246.0,14.0
143.0,14.0
1255.0,14.0
2626.0,14.0
3038.0,14.0
1234.0,13.0
3795.0,13.0
880.0,13.0
3632.0,12.0
815.0,11.0
1410.0,10.0
3775.0,10.0
271.0,10.0
1139.0,10.0
2118.0,10.0
2315.0,9.0
1458.0,9.0
0.0,9.0
124.0,8.0
2349.0,8.0
275.0,8.0
793.0,8.0
2112.0,8.0
2559.0,7.0
1247.0,7.0
479.0,7.0
9385.0,7.0
2189.0,7.0
330.0,7.0
991.0,5.0
30.0,5.0
1961.0,5.0
69.0,5.0
2468.0,5.0
2239.0,4.0
162.0,4.0
2202.0,4.0
1996.0,4.0
157.0,4.0
11.0,4.0
2947.0,4.0
2603.0,4.0
1824.0,4.0
1038.0,4.0
214.0,4.0
7450.0,3.0
1867.0,3.0
139.0,3.0
493.0,3.0
5.0,3.0
9482.0,3.0
9617.0,3.0
988.0,2.0
97.0,2.0
39454.0,2.0
41.0,2.0
44.0,2.0
8.0,2.0
2161.0,1.0
1414.0,1.0
5550.0,1.0
37.0,1.0
344.0,1.0
1622.0,1.0
3967.0,1.0
10.0,1.0
22.0,1.0
1041.0,1.0
